<?xml version="1.0" encoding="UTF-8"?>
<profile>
 <product-grade />
 <rs-version />
 <using-cpm-profile>0</using-cpm-profile>
 <for-version>11.7</for-version>
 <xml-purpose>2</xml-purpose>
 <base-model />
 <service-list>
  <service>
   <name>Chromecast Outbound</name>
   <description>Allows Chromecast traffic outbound over a range of ports.</description>
   <property>0</property>
   <proxy-type />
   <service-item>
    <member>
     <type>2</type>
     <protocol>6</protocol>
     <start-server-port>32768</start-server-port>
     <end-server-port>61000</end-server-port>
    </member>
    <member>
     <type>2</type>
     <protocol>6</protocol>
     <start-server-port>8008</start-server-port>
     <end-server-port>8009</end-server-port>
    </member>
   </service-item>
   <idle-timeout>0</idle-timeout>
  </service>
  <service>
   <name>Chromecast SSDP</name>
   <description>Allows the Chromecast to be discovered using SSDP.</description>
   <property>0</property>
   <proxy-type />
   <service-item>
    <member>
     <type>1</type>
     <protocol>17</protocol>
     <server-port>1900</server-port>
    </member>
   </service-item>
   <idle-timeout>0</idle-timeout>
  </service>
  <service>
   <name>Chromecast Inbound</name>
   <description>Allows inbound Chromecast traffic over a range of ports.</description>
   <property>0</property>
   <proxy-type />
   <service-item>
    <member>
     <type>2</type>
     <protocol>17</protocol>
     <start-server-port>32768</start-server-port>
     <end-server-port>61000</end-server-port>
    </member>
   </service-item>
   <idle-timeout>0</idle-timeout>
  </service>
 </service-list>
 <policy-view>
  <ui-pm>
   <service-additional-info-list>
    <service-additional-info>
     <service>Chromecast Outbound</service>
     <builtin-service>false</builtin-service>
     <proxy-service>false</proxy-service>
    </service-additional-info>
    <service-additional-info>
     <service>Chromecast SSDP</service>
     <builtin-service>false</builtin-service>
     <proxy-service>false</proxy-service>
    </service-additional-info>
    <service-additional-info>
     <service>Chromecast Inbound</service>
     <builtin-service>false</builtin-service>
     <proxy-service>false</proxy-service>
    </service-additional-info>
   </service-additional-info-list>
  </ui-pm>
 </policy-view>
</profile>
<!--DOCTYPE rs-profile SYSTEM "profile.dtd"-->

